name,count,total_ms,mean_us,category_time_pct
_ZN7cutlass6KernelINS_4gemm6kernel23GemmWithEpilogueVisitorINS1_11threadblock13MmaMultistageINS1_9GemmShapeILi64ELi64ELi128EEENS_9transform11threadblock28PredicatedTileAccessIteratorINS_11MatrixShapeILi64ELi128EEEaNS_6layout8RowMajorELi1ENS8_29PitchLinearWarpRakedThreadMapINS_16PitchLinearShapeILi128ELi64EEELi128ENSG_ILi8ELi4EEELi16EEENS_5ArrayIaLi16ELb0EEELb0ENSD_9NoPermuteEEENS9_25RegularTileAccessIteratorISC_aNSD_37RowMajorTensorOpMultiplicandCrosswiseILi8ELi128EEELi0ESJ_Li16EEELNS_4arch14CacheOperation4KindE1ENSA_INSB_ILi128ELi64EEEaNSD_11ColumnMajorELi0ESJ_SL_Lb0ESM_EENSO_ISV_aNSD_40ColumnMajorTensorOpMultiplicandCrosswiseILi8ELi128EEELi1ESJ_Li16EEELSU_1EiSE_NS4_9MmaPolicyINS1_4warp11MmaTensorOpINS6_ILi32ELi64ELi64EEEaSQ_aSZ_iSE_NS12_17MmaTensorOpPolicyINSS_3MmaINS6_ILi16ELi8ELi32EEELi32EaSE_aSW_iSE_NSS_21OpMultiplyAddSaturateEEENSB_ILi1ELi1EEEEELi2ELb0EbEENSB_ILi0ELi0EEES1D_Li2EEELi5ELNS1_23SharedMemoryClearOptionE0EbEENS_8epilogue11threadblock19EpilogueWithVisitorINS1I_27EpilogueVisitorPerRowPerColIS7_Li128ENS1I_22PredicatedTileIteratorINS1I_26OutputTileOptimalThreadMapINS1I_15OutputTileShapeILi64ELi8ELi2ELi1ELi1EEENS1N_ILi1ELi4ELi1ELi1ELi4EEELi128ELi8ELi16EEEfLb0ESM_Lb0EEENS1L_IS1Q_NS_6half_tELb0ESM_Lb0EEEifNS1H_6thread17LinearCombinationIS1S_Li8EffLNS1U_9ScaleType4KindE0ELNS_15FloatRoundStyleE2ES1S_EELb0EEES7_S1C_Li2ENS1H_4warp24FragmentIteratorTensorOpIS14_S17_iNSK_IiLi4ELb1EEESE_EENS21_25TileIteratorTensorOpMixedIS14_S17_iLi32ELi16ELi8ELi8ELb0EEENS1I_23SharedLoadIteratorMixedINS1Q_18CompactedThreadMapEiLi32ELi16ELi8ELi8ELb0EEENSB_ILi0ELi8EEELi1ELi1EEENS4_30GemmIdentityThreadblockSwizzleILi8EEEEEEEvNT_6ParamsE,72,17.609600000000007,244.57777777777787,16.235878728858005
_ZN7cutlass6KernelINS_4gemm6kernel23GemmWithEpilogueVisitorINS1_11threadblock13MmaMultistageINS1_9GemmShapeILi128ELi128ELi64EEENS_9transform11threadblock28PredicatedTileAccessIteratorINS_11MatrixShapeILi128ELi64EEEaNS_6layout8RowMajorELi1ENS8_29PitchLinearWarpRakedThreadMapINS_16PitchLinearShapeILi64ELi128EEELi128ENSG_ILi4ELi8EEELi16EEENS_5ArrayIaLi16ELb0EEELb0ENSD_9NoPermuteEEENS9_25RegularTileAccessIteratorISC_aNSD_37RowMajorTensorOpMultiplicandCrosswiseILi8ELi64EEELi0ESJ_Li16EEELNS_4arch14CacheOperation4KindE1ENSA_INSB_ILi64ELi128EEEaNSD_11ColumnMajorELi0ESJ_SL_Lb0ESM_EENSO_ISV_aNSD_40ColumnMajorTensorOpMultiplicandCrosswiseILi8ELi64EEELi1ESJ_Li16EEELSU_1EiSE_NS4_9MmaPolicyINS1_4warp11MmaTensorOpINS6_ILi64ELi64ELi64EEEaSQ_aSZ_iSE_NS12_17MmaTensorOpPolicyINSS_3MmaINS6_ILi16ELi8ELi32EEELi32EaSE_aSW_iSE_NSS_21OpMultiplyAddSaturateEEENSB_ILi1ELi1EEEEELi1ELb0EbEENSB_ILi0ELi0EEES1D_Li1EEELi5ELNS1_23SharedMemoryClearOptionE0EbEENS_8epilogue11threadblock19EpilogueWithVisitorINS1I_27EpilogueVisitorPerRowPerColIS7_Li128ENS1I_22PredicatedTileIteratorINS1I_26OutputTileOptimalThreadMapINS1I_15OutputTileShapeILi128ELi8ELi2ELi1ELi1EEENS1N_ILi1ELi8ELi1ELi1ELi8EEELi128ELi8ELi16EEEfLb0ESM_Lb0EEENS1L_IS1Q_NS_6half_tELb0ESM_Lb0EEEifNS1H_6thread17LinearCombinationIS1S_Li8EffLNS1U_9ScaleType4KindE0ELNS_15FloatRoundStyleE2ES1S_EELb0EEES7_S1C_Li1ENS1H_4warp24FragmentIteratorTensorOpIS14_S17_iNSK_IiLi4ELb1EEESE_EENS21_25TileIteratorTensorOpMixedIS14_S17_iLi32ELi16ELi8ELi8ELb0EEENS1I_23SharedLoadIteratorMixedINS1Q_18CompactedThreadMapEiLi32ELi16ELi8ELi8ELb0EEENSB_ILi0ELi8EEELi2ELi1EEENS4_30GemmIdentityThreadblockSwizzleILi8EEEEEEEvNT_6ParamsE,72,16.194606,224.92508333333336,14.931268119527767
_ZN7cutlass6KernelINS_4gemm6kernel23GemmWithEpilogueVisitorINS1_11threadblock13MmaMultistageINS1_9GemmShapeILi64ELi128ELi128EEENS_9transform11threadblock28PredicatedTileAccessIteratorINS_11MatrixShapeILi64ELi128EEEaNS_6layout8RowMajorELi1ENS8_29PitchLinearWarpRakedThreadMapINS_16PitchLinearShapeILi128ELi64EEELi256ENSG_ILi8ELi4EEELi16EEENS_5ArrayIaLi16ELb0EEELb0ENSD_9NoPermuteEEENS9_25RegularTileAccessIteratorISC_aNSD_37RowMajorTensorOpMultiplicandCrosswiseILi8ELi128EEELi0ESJ_Li16EEELNS_4arch14CacheOperation4KindE1ENSA_INSB_ILi128ELi128EEEaNSD_11ColumnMajorELi0ENSF_INSG_ILi128ELi128EEELi256ESI_Li16EEESL_Lb0ESM_EENSO_ISV_aNSD_40ColumnMajorTensorOpMultiplicandCrosswiseILi8ELi128EEELi1ESY_Li16EEELSU_1EiSE_NS4_9MmaPolicyINS1_4warp11MmaTensorOpINS6_ILi32ELi64ELi64EEEaSQ_aS11_iSE_NS14_17MmaTensorOpPolicyINSS_3MmaINS6_ILi16ELi8ELi32EEELi32EaSE_aSW_iSE_NSS_21OpMultiplyAddSaturateEEENSB_ILi1ELi1EEEEELi2ELb0EbEENSB_ILi0ELi0EEES1F_Li2EEELi3ELNS1_23SharedMemoryClearOptionE0EbEENS_8epilogue11threadblock19EpilogueWithVisitorINS1K_27EpilogueVisitorPerRowPerColIS7_Li256ENS1K_22PredicatedTileIteratorINS1K_26OutputTileOptimalThreadMapINS1K_15OutputTileShapeILi128ELi8ELi2ELi1ELi1EEENS1P_ILi1ELi4ELi1ELi1ELi4EEELi256ELi8ELi16EEEfLb0ESM_Lb0EEENS1N_IS1S_NS_6half_tELb0ESM_Lb0EEEifNS1J_6thread17LinearCombinationIS1U_Li8EffLNS1W_9ScaleType4KindE0ELNS_15FloatRoundStyleE2ES1U_EELb0EEES7_S1E_Li2ENS1J_4warp24FragmentIteratorTensorOpIS16_S19_iNSK_IiLi4ELb1EEESE_EENS23_25TileIteratorTensorOpMixedIS16_S19_iLi32ELi16ELi8ELi8ELb0EEENS1K_23SharedLoadIteratorMixedINS1S_18CompactedThreadMapEiLi32ELi16ELi8ELi8ELb0EEENSB_ILi0ELi8EEELi1ELi1EEENS4_30GemmIdentityThreadblockSwizzleILi8EEEEEEEvNT_6ParamsE,216,15.987659000000006,74.01693981481485,14.740465012398651
_ZN7cutlass6KernelINS_4gemm6kernel23GemmWithEpilogueVisitorINS1_11threadblock13MmaMultistageINS1_9GemmShapeILi16ELi128ELi128EEENS_9transform11threadblock28PredicatedTileAccessIteratorINS_11MatrixShapeILi16ELi128EEEaNS_6layout8RowMajorELi1ENS8_29PitchLinearWarpRakedThreadMapINS_16PitchLinearShapeILi128ELi16EEELi128ENSG_ILi8ELi4EEELi16EEENS_5ArrayIaLi16ELb0EEELb0ENSD_9NoPermuteEEENS9_25RegularTileAccessIteratorISC_aNSD_37RowMajorTensorOpMultiplicandCrosswiseILi8ELi128EEELi0ESJ_Li16EEELNS_4arch14CacheOperation4KindE1ENSA_INSB_ILi128ELi128EEEaNSD_11ColumnMajorELi0ENSF_INSG_ILi128ELi128EEELi128ESI_Li16EEESL_Lb0ESM_EENSO_ISV_aNSD_40ColumnMajorTensorOpMultiplicandCrosswiseILi8ELi128EEELi1ESY_Li16EEELSU_1EiSE_NS4_9MmaPolicyINS1_4warp11MmaTensorOpINS6_ILi16ELi64ELi64EEEaSQ_aS11_iSE_NS14_17MmaTensorOpPolicyINSS_3MmaINS6_ILi16ELi8ELi32EEELi32EaSE_aSW_iSE_NSS_21OpMultiplyAddSaturateEEENSB_ILi1ELi1EEEEELi2ELb0EbEENSB_ILi0ELi0EEES1F_Li2EEELi4ELNS1_23SharedMemoryClearOptionE0EbEENS_8epilogue11threadblock19EpilogueWithVisitorINS1K_27EpilogueVisitorPerRowPerColIS7_Li128ENS1K_22PredicatedTileIteratorINS1K_26OutputTileOptimalThreadMapINS1K_15OutputTileShapeILi128ELi8ELi1ELi1ELi1EEENS1P_ILi1ELi2ELi1ELi1ELi2EEELi128ELi8ELi16EEEfLb0ESM_Lb0EEENS1N_IS1S_NS_6half_tELb0ESM_Lb0EEEifNS1J_6thread17LinearCombinationIS1U_Li8EffLNS1W_9ScaleType4KindE0ELNS_15FloatRoundStyleE2ES1U_EELb0EEES7_S1E_Li2ENS1J_4warp24FragmentIteratorTensorOpIS16_S19_iNSK_IiLi4ELb1EEESE_EENS23_25TileIteratorTensorOpMixedIS16_S19_iLi32ELi16ELi8ELi8ELb0EEENS1K_23SharedLoadIteratorMixedINS1S_18CompactedThreadMapEiLi32ELi16ELi8ELi8ELb0EEENSB_ILi0ELi8EEELi1ELi1EEENS4_30GemmIdentityThreadblockSwizzleILi8EEEEEEEvNT_6ParamsE,72,12.899276,179.15661111111112,11.89300613449871
_ZN7cutlass6KernelINS_4gemm6kernel23GemmWithEpilogueVisitorINS1_11threadblock13MmaMultistageINS1_9GemmShapeILi16ELi64ELi128EEENS_9transform11threadblock28PredicatedTileAccessIteratorINS_11MatrixShapeILi16ELi128EEEaNS_6layout8RowMajorELi1ENS8_29PitchLinearWarpRakedThreadMapINS_16PitchLinearShapeILi128ELi16EEELi64ENSG_ILi8ELi4EEELi16EEENS_5ArrayIaLi16ELb0EEELb0ENSD_9NoPermuteEEENS9_25RegularTileAccessIteratorISC_aNSD_37RowMajorTensorOpMultiplicandCrosswiseILi8ELi128EEELi0ESJ_Li16EEELNS_4arch14CacheOperation4KindE1ENSA_INSB_ILi128ELi64EEEaNSD_11ColumnMajorELi0ENSF_INSG_ILi128ELi64EEELi64ESI_Li16EEESL_Lb0ESM_EENSO_ISV_aNSD_40ColumnMajorTensorOpMultiplicandCrosswiseILi8ELi128EEELi1ESY_Li16EEELSU_1EiSE_NS4_9MmaPolicyINS1_4warp11MmaTensorOpINS6_ILi16ELi64ELi64EEEaSQ_aS11_iSE_NS14_17MmaTensorOpPolicyINSS_3MmaINS6_ILi16ELi8ELi32EEELi32EaSE_aSW_iSE_NSS_21OpMultiplyAddSaturateEEENSB_ILi1ELi1EEEEELi2ELb0EbEENSB_ILi0ELi0EEES1F_Li2EEELi5ELNS1_23SharedMemoryClearOptionE0EbEENS_8epilogue11threadblock19EpilogueWithVisitorINS1K_27EpilogueVisitorPerRowPerColIS7_Li64ENS1K_22PredicatedTileIteratorINS1K_26OutputTileOptimalThreadMapINS1K_15OutputTileShapeILi64ELi8ELi1ELi1ELi1EEENS1P_ILi1ELi2ELi1ELi1ELi2EEELi64ELi8ELi16EEEfLb0ESM_Lb0EEENS1N_IS1S_NS_6half_tELb0ESM_Lb0EEEifNS1J_6thread17LinearCombinationIS1U_Li8EffLNS1W_9ScaleType4KindE0ELNS_15FloatRoundStyleE2ES1U_EELb0EEES7_S1E_Li2ENS1J_4warp24FragmentIteratorTensorOpIS16_S19_iNSK_IiLi4ELb1EEESE_EENS23_25TileIteratorTensorOpMixedIS16_S19_iLi32ELi16ELi8ELi8ELb0EEENS1K_23SharedLoadIteratorMixedINS1S_18CompactedThreadMapEiLi32ELi16ELi8ELi8ELb0EEENSB_ILi0ELi8EEELi1ELi1EEENS4_30GemmIdentityThreadblockSwizzleILi8EEEEEEEvNT_6ParamsE,216,12.656908999999994,58.5968009259259,11.669546134278534
"void gemv2T_kernel_val<int, int, __half, __half, __half, float, 128, 16, 4, 4, false, false, cublasGemvParamsEx<int, cublasGemvTensorStridedBatched<__half const>, cublasGemvTensorStridedBatched<__half const>, cublasGemvTensorStridedBatched<__half>, float> >(cublasGemvParamsEx<int, cublasGemvTensorStridedBatched<__half const>, cublasGemvTensorStridedBatched<__half const>, cublasGemvTensorStridedBatched<__half>, float>, float, float)",5,10.757012000000003,2151.4024000000004,9.917859708163178
_ZN7cutlass6KernelINS_4gemm6kernel23GemmWithEpilogueVisitorINS1_11threadblock13MmaMultistageINS1_9GemmShapeILi64ELi128ELi128EEENS_9transform11threadblock28PredicatedTileAccessIteratorINS_11MatrixShapeILi64ELi128EEEaNS_6layout8RowMajorELi1ENS8_29PitchLinearWarpRakedThreadMapINS_16PitchLinearShapeILi128ELi64EEELi128ENSG_ILi8ELi4EEELi16EEENS_5ArrayIaLi16ELb0EEELb0ENSD_9NoPermuteEEENS9_25RegularTileAccessIteratorISC_aNSD_37RowMajorTensorOpMultiplicandCrosswiseILi8ELi128EEELi0ESJ_Li16EEELNS_4arch14CacheOperation4KindE1ENSA_INSB_ILi128ELi128EEEaNSD_11ColumnMajorELi0ENSF_INSG_ILi128ELi128EEELi128ESI_Li16EEESL_Lb0ESM_EENSO_ISV_aNSD_40ColumnMajorTensorOpMultiplicandCrosswiseILi8ELi128EEELi1ESY_Li16EEELSU_1EiSE_NS4_9MmaPolicyINS1_4warp11MmaTensorOpINS6_ILi64ELi64ELi64EEEaSQ_aS11_iSE_NS14_17MmaTensorOpPolicyINSS_3MmaINS6_ILi16ELi8ELi32EEELi32EaSE_aSW_iSE_NSS_21OpMultiplyAddSaturateEEENSB_ILi1ELi1EEEEELi2ELb0EbEENSB_ILi0ELi0EEES1F_Li2EEELi3ELNS1_23SharedMemoryClearOptionE0EbEENS_8epilogue11threadblock19EpilogueWithVisitorINS1K_27EpilogueVisitorPerRowPerColIS7_Li128ENS1K_22PredicatedTileIteratorINS1K_26OutputTileOptimalThreadMapINS1K_15OutputTileShapeILi128ELi8ELi1ELi1ELi1EEENS1P_ILi1ELi8ELi1ELi1ELi8EEELi128ELi8ELi16EEEfLb0ESM_Lb0EEENS1N_IS1S_NS_6half_tELb0ESM_Lb0EEEifNS1J_6thread17LinearCombinationIS1U_Li8EffLNS1W_9ScaleType4KindE0ELNS_15FloatRoundStyleE2ES1U_EELb0EEES7_S1E_Li2ENS1J_4warp24FragmentIteratorTensorOpIS16_S19_iNSK_IiLi4ELb1EEESE_EENS23_25TileIteratorTensorOpMixedIS16_S19_iLi32ELi16ELi8ELi8ELb0EEENS1K_23SharedLoadIteratorMixedINS1S_18CompactedThreadMapEiLi32ELi16ELi8ELi8ELb0EEENSB_ILi0ELi8EEELi1ELi1EEENS4_30GemmIdentityThreadblockSwizzleILi8EEEEEEEvNT_6ParamsE,72,9.332008999999998,129.61123611111108,8.60402089886263
_per_token_quant_int8,720,2.4877560000000014,3.455216666666668,2.293686666533532
kernel_cutlass_kernel_flashinfernormkernelsfused_add_rmsnormFusedAddRMSNormKernel_object_at__tensorptrf16gmemalign128oi64409640961_tensorptrf16gmemalign128oi64409640961_tensorptrf16gmemal_0,360,1.8878889999999993,5.244136111111109,1.7406151677235706
"void flashinfer::BatchPrefillWithRaggedKVCacheKernel<flashinfer::KernelTraits<(flashinfer::MaskMode)1, 128u, 2u, 2u, 8u, 8u, 4u, 1u, (flashinfer::PosEncodingMode)0, __half, __half, __half, float, int, flashinfer::DefaultAttention<false, false, false, false> >, RaggedParams>(RaggedParams)",108,1.827632,16.922518518518515,1.6850588038899352
"void sglang::act_and_mul_kernel<__half, (sglang::ActivationKind)0, false, false, false, false>(sglang::ActivationParams)",180,1.7489780000000004,9.716544444444446,1.6125405862393587
"void flashinfer::PersistentVariableLengthMergeStatesKernel<8u, 16u, 8u, 4u, __half, __half, int>(__half*, float*, int*, __half*, float*, unsigned int, unsigned int*, unsigned int)",108,1.4435390000000001,13.366101851851854,1.3309288197560962
"void flashinfer::BatchPrefillWithPagedKVCacheKernel<flashinfer::KernelTraits<(flashinfer::MaskMode)0, 16u, 1u, 1u, 8u, 8u, 1u, 4u, (flashinfer::PosEncodingMode)0, __half, __half, __half, float, int, flashinfer::DefaultAttention<false, false, false, false> >, PagedParams>(PagedParams)",72,0.9623750000000003,13.36631944444445,0.8873003243506227
"void sglang::fused_qknorm_warp<128l, false, __half>(sglang::QKNormParams)",180,0.6425700000000001,3.5698333333333334,0.5924432465701824
"void at::native::elementwise_kernel<128, 4, at::native::gpu_kernel_impl_nocast<at::native::direct_copy_kernel_cuda(at::TensorIteratorBase&)::{lambda()#3}::operator()() const::{lambda()#10}::operator()() const::{lambda(c10::Half)#1}>(at::TensorIteratorBase&, at::native::direct_copy_kernel_cuda(at::TensorIteratorBase&)::{lambda()#3}::operator()() const::{lambda()#10}::operator()() const::{lambda(c10::Half)#1} const&)::{lambda(int)#1}>(int, at::native::gpu_kernel_impl_nocast<at::native::direct_copy_kernel_cuda(at::TensorIteratorBase&)::{lambda()#3}::operator()() const::{lambda()#10}::operator()() const::{lambda(c10::Half)#1}>(at::TensorIteratorBase&, at::native::direct_copy_kernel_cuda(at::TensorIteratorBase&)::{lambda()#3}::operator()() const::{lambda()#10}::operator()() const::{lambda(c10::Half)#1} const&)::{lambda(int)#1})",108,0.6366550000000003,5.894953703703707,0.5869896745026063
"void sglang::fused_rope_kernel<true, 128l, false, __half, __half, long, 16u>(sglang::FusedRopeParams)",180,0.5008769999999997,2.782649999999998,0.461803688333307
"void sglang::store_kvcache<2048l, 2048l, 4, false, long>(sglang::StoreKVCacheParams)",180,0.4261540000000001,2.367522222222223,0.3929098141819095
"void at::native::unrolled_elementwise_kernel<at::native::direct_copy_kernel_cuda(at::TensorIteratorBase&)::{lambda()#3}::operator()() const::{lambda()#4}::operator()() const::{lambda(long)#1}, std::array<char*, 2ul>, 4, TrivialOffsetCalculator<1, unsigned int>, TrivialOffsetCalculator<1, unsigned int>, at::native::memory::LoadWithCast<1>, at::native::memory::StoreWithCast<1> >(int, at::native::direct_copy_kernel_cuda(at::TensorIteratorBase&)::{lambda()#3}::operator()() const::{lambda()#4}::operator()() const::{lambda(long)#1}, std::array<char*, 2ul>, TrivialOffsetCalculator<1, unsigned int>, TrivialOffsetCalculator<1, unsigned int>, at::native::memory::LoadWithCast<1>, at::native::memory::StoreWithCast<1>)",20,0.05805,2.9025,0.05352153144933485
"void at::native::vectorized_elementwise_kernel<4, at::native::FillFunctor<c10::Half>, std::array<char*, 1ul> >(int, at::native::FillFunctor<c10::Half>, std::array<char*, 1ul>)",36,0.053694000000000006,1.4915,0.04950534211267158
"void at::native::reduce_kernel<512, 1, at::native::ReduceOp<float, at::native::ArgMaxOps<float>, unsigned int, long, 4, 4> >(at::native::ReduceOp<float, at::native::ArgMaxOps<float>, unsigned int, long, 4, 4>)",5,0.05315299999999999,10.630599999999998,0.049006545411309124
"void at::native::index_elementwise_kernel<128, 4, at::native::gpu_index_kernel<at::native::index_put_kernel_impl<at::native::OpaqueType<8> >(at::TensorIterator&, c10::ArrayRef<long>, c10::ArrayRef<long>)::{lambda(char*, char const*, long)#1}>(at::TensorIteratorBase&, c10::ArrayRef<long>, c10::ArrayRef<long>, at::native::index_put_kernel_impl<at::native::OpaqueType<8> >(at::TensorIterator&, c10::ArrayRef<long>, c10::ArrayRef<long>)::{lambda(char*, char const*, long)#1} const&, bool)::{lambda(int)#1}>(long, at::native::gpu_index_kernel<at::native::index_put_kernel_impl<at::native::OpaqueType<8> >(at::TensorIterator&, c10::ArrayRef<long>, c10::ArrayRef<long>)::{lambda(char*, char const*, long)#1}>(at::TensorIteratorBase&, c10::ArrayRef<long>, c10::ArrayRef<long>, at::native::index_put_kernel_impl<at::native::OpaqueType<8> >(at::TensorIterator&, c10::ArrayRef<long>, c10::ArrayRef<long>)::{lambda(char*, char const*, long)#1} const&, bool)::{lambda(int)#1})",10,0.035328000000000005,3.5328000000000004,0.032572069992112
"void at_cuda_detail::cub::DeviceScanKernel<at_cuda_detail::cub::detail::scan::policy_hub<long, long, long, unsigned int, std::plus<long> >::Policy1000, long const*, long*, at_cuda_detail::cub::ScanTileState<long, true>, std::plus<long>, at_cuda_detail::cub::NullType, unsigned int, long, false>(long const*, long*, at_cuda_detail::cub::ScanTileState<long, true>, int, std::plus<long>, at_cuda_detail::cub::NullType, unsigned int)",11,0.027551999999999997,2.5047272727272722,0.025402674151456906
"void at::native::vectorized_elementwise_kernel<2, at::native::CUDAFunctorOnSelf_add<long>, std::array<char*, 2ul> >(int, at::native::CUDAFunctorOnSelf_add<long>, std::array<char*, 2ul>)",14,0.027519999999999996,1.9657142857142855,0.025373170464869848
"void at::native::unrolled_elementwise_kernel<at::native::direct_copy_kernel_cuda(at::TensorIteratorBase&)::{lambda()#3}::operator()() const::{lambda()#7}::operator()() const::{lambda(float)#1}, std::array<char*, 2ul>, 4, TrivialOffsetCalculator<1, unsigned int>, TrivialOffsetCalculator<1, unsigned int>, at::native::memory::LoadWithCast<1>, at::native::memory::StoreWithCast<1> >(int, at::native::direct_copy_kernel_cuda(at::TensorIteratorBase&)::{lambda()#3}::operator()() const::{lambda()#7}::operator()() const::{lambda(float)#1}, std::array<char*, 2ul>, TrivialOffsetCalculator<1, unsigned int>, TrivialOffsetCalculator<1, unsigned int>, at::native::memory::LoadWithCast<1>, at::native::memory::StoreWithCast<1>)",5,0.024354,4.8708,0.022454149473162804
"void at::native::unrolled_elementwise_kernel<at::native::direct_copy_kernel_cuda(at::TensorIteratorBase&)::{lambda()#3}::operator()() const::{lambda()#3}::operator()() const::{lambda(int)#1}, std::array<char*, 2ul>, 4, TrivialOffsetCalculator<1, unsigned int>, TrivialOffsetCalculator<1, unsigned int>, at::native::memory::LoadWithCast<1>, at::native::memory::StoreWithCast<1> >(int, at::native::direct_copy_kernel_cuda(at::TensorIteratorBase&)::{lambda()#3}::operator()() const::{lambda()#3}::operator()() const::{lambda(int)#1}, std::array<char*, 2ul>, TrivialOffsetCalculator<1, unsigned int>, TrivialOffsetCalculator<1, unsigned int>, at::native::memory::LoadWithCast<1>, at::native::memory::StoreWithCast<1>)",11,0.023969,2.1790000000000003,0.022099183243912267
kernel_cutlass_kernel_flashinfernormkernelsrmsnormRMSNormKernel_object_at__tensorptrf16gmemalign128oi64409640961_tensorptrf16gmemalign16o40961_tensorptrf16gmemalign128oi64409640961___Fals_0,5,0.020288,4.0576,0.01870533729619475
"void at::native::index_elementwise_kernel<128, 4, at::native::gpu_index_kernel<at::native::index_kernel_impl<at::native::OpaqueType<2> >(at::TensorIteratorBase&, c10::ArrayRef<long>, c10::ArrayRef<long>)::{lambda(char*, char const*, long)#1}>(at::TensorIteratorBase&, c10::ArrayRef<long>, c10::ArrayRef<long>, at::native::index_kernel_impl<at::native::OpaqueType<2> >(at::TensorIteratorBase&, c10::ArrayRef<long>, c10::ArrayRef<long>)::{lambda(char*, char const*, long)#1} const&, bool)::{lambda(int)#1}>(long, at::native::gpu_index_kernel<at::native::index_kernel_impl<at::native::OpaqueType<2> >(at::TensorIteratorBase&, c10::ArrayRef<long>, c10::ArrayRef<long>)::{lambda(char*, char const*, long)#1}>(at::TensorIteratorBase&, c10::ArrayRef<long>, c10::ArrayRef<long>, at::native::index_kernel_impl<at::native::OpaqueType<2> >(at::TensorIteratorBase&, c10::ArrayRef<long>, c10::ArrayRef<long>)::{lambda(char*, char const*, long)#1} const&, bool)::{lambda(int)#1})",3,0.016640000000000002,5.546666666666667,0.015341917025270144
"void at_cuda_detail::cub::DeviceScanInitKernel<at_cuda_detail::cub::ScanTileState<long, true> >(at_cuda_detail::cub::ScanTileState<long, true>, int)",11,0.016225,1.475,0.014959291089844238
"void at::native::vectorized_gather_kernel<16, long>(char*, char*, long*, int, long, long, long, long, bool)",3,0.013695,4.565,0.012626655869054964
"void at::native::index_elementwise_kernel<128, 4, at::native::gpu_index_kernel<at::native::index_put_kernel_impl<at::native::OpaqueType<4> >(at::TensorIterator&, c10::ArrayRef<long>, c10::ArrayRef<long>)::{lambda(char*, char const*, long)#1}>(at::TensorIteratorBase&, c10::ArrayRef<long>, c10::ArrayRef<long>, at::native::index_put_kernel_impl<at::native::OpaqueType<4> >(at::TensorIterator&, c10::ArrayRef<long>, c10::ArrayRef<long>)::{lambda(char*, char const*, long)#1} const&, bool)::{lambda(int)#1}>(long, at::native::gpu_index_kernel<at::native::index_put_kernel_impl<at::native::OpaqueType<4> >(at::TensorIterator&, c10::ArrayRef<long>, c10::ArrayRef<long>)::{lambda(char*, char const*, long)#1}>(at::TensorIteratorBase&, c10::ArrayRef<long>, c10::ArrayRef<long>, at::native::index_put_kernel_impl<at::native::OpaqueType<4> >(at::TensorIterator&, c10::ArrayRef<long>, c10::ArrayRef<long>)::{lambda(char*, char const*, long)#1} const&, bool)::{lambda(int)#1})",3,0.013056000000000002,4.352,0.012037504127519652
"void at::native::(anonymous namespace)::multi_tensor_apply_kernel<at::native::(anonymous namespace)::TensorListMetadata<2>, at::native::(anonymous namespace)::UnaryOpFunctor<long, 2, 1, 1>, at::native::Copy<long, long> >(at::native::(anonymous namespace)::TensorListMetadata<2>, at::native::(anonymous namespace)::UnaryOpFunctor<long, 2, 1, 1>, at::native::Copy<long, long>)",5,0.012577000000000001,2.5154000000000005,0.011595870818919628
create_flashinfer_kv_indices_triton,5,0.009248000000000001,1.8496000000000001,0.008526565423659753
"void at::native::unrolled_elementwise_kernel<at::native::CUDAFunctor_add<long>, std::array<char*, 3ul>, 4, TrivialOffsetCalculator<2, unsigned int>, TrivialOffsetCalculator<1, unsigned int>, at::native::memory::LoadWithCast<2>, at::native::memory::StoreWithCast<1> >(int, at::native::CUDAFunctor_add<long>, std::array<char*, 3ul>, TrivialOffsetCalculator<2, unsigned int>, TrivialOffsetCalculator<1, unsigned int>, at::native::memory::LoadWithCast<2>, at::native::memory::StoreWithCast<1>)",3,0.008193,2.7310000000000003,0.007553865756492688
"void at::native::(anonymous namespace)::indexSelectSmallIndex<c10::Half, long, unsigned int, 2, 2, -2>(at::cuda::detail::TensorInfo<c10::Half, unsigned int>, at::cuda::detail::TensorInfo<c10::Half const, unsigned int>, at::cuda::detail::TensorInfo<long const, unsigned int>, int, int, unsigned int, long)",2,0.0072970000000000005,3.6485000000000003,0.006727762532055063
"void at::native::index_elementwise_kernel<128, 4, at::native::gpu_index_kernel<at::native::index_kernel_impl<at::native::OpaqueType<8> >(at::TensorIteratorBase&, c10::ArrayRef<long>, c10::ArrayRef<long>)::{lambda(char*, char const*, long)#1}>(at::TensorIteratorBase&, c10::ArrayRef<long>, c10::ArrayRef<long>, at::native::index_kernel_impl<at::native::OpaqueType<8> >(at::TensorIteratorBase&, c10::ArrayRef<long>, c10::ArrayRef<long>)::{lambda(char*, char const*, long)#1} const&, bool)::{lambda(int)#1}>(long, at::native::gpu_index_kernel<at::native::index_kernel_impl<at::native::OpaqueType<8> >(at::TensorIteratorBase&, c10::ArrayRef<long>, c10::ArrayRef<long>)::{lambda(char*, char const*, long)#1}>(at::TensorIteratorBase&, c10::ArrayRef<long>, c10::ArrayRef<long>, at::native::index_kernel_impl<at::native::OpaqueType<8> >(at::TensorIteratorBase&, c10::ArrayRef<long>, c10::ArrayRef<long>)::{lambda(char*, char const*, long)#1} const&, bool)::{lambda(int)#1})",2,0.006944,3.472,0.006402299989391578
memcpy128,3,0.00688,2.2933333333333334,0.006343292616217464
write_req_to_token_pool_triton,2,0.006016,3.008,0.005546693078366898
compute_position_kernel,3,0.005758999999999999,1.9196666666666664,0.005309741595464588
"void at::native::vectorized_elementwise_kernel<4, at::native::CUDAFunctorOnSelf_add<int>, std::array<char*, 2ul> >(int, at::native::CUDAFunctorOnSelf_add<int>, std::array<char*, 2ul>)",3,0.005472,1.824,0.005045130406386913
"void at::native::vectorized_elementwise_kernel<2, at::native::FillFunctor<long>, std::array<char*, 1ul> >(int, at::native::FillFunctor<long>, std::array<char*, 1ul>)",3,0.0048000000000000004,1.6000000000000003,0.004425552988058696
"void sglang::clamp_position_kernel<long>(long*, long const*, unsigned long)",2,0.002816,1.408,0.002596324419661101
